species,subzone_A,subzone_B,subzone_C,subzone_D,subzone_E
Achillea alpina,,,,,1
Achillea millefolium,,,,1,1
Achillea salicifolia,,,,,1
Aconitum baicalense,,,,,1
Aconitum delphinifolium,,,,,1
Aconitum lycoctonum,,,,,1
Aconitum paradoxum,,,,1,1
Aconitum productum,,,,1,1
Actaea rubra,,,,,1
Adoxa moschatellina,,,,1,1
Aegopodium alpestre,,,,,1
Agoseris glauca,,,,,1
Agrostis anadyrensis,,,,,1
Agrostis canina,,,,,1
Agrostis capillaris,,,,,1
Agrostis exarata,,,,,1
Agrostis gigantea,,,,,1
Agrostis mertensii,,,1,1,1
Agrostis scabra,,,,,1
Agrostis stolonifera,,,,,1
Agrostis vinealis,,,1,1,1
Alchemilla alpina,,,,1,1
Alchemilla borealis,,,,,1
Alchemilla cunctatrix,,,,,1
Alchemilla faeroensis,,,,,1
Alchemilla filicaulis,,,,1,1
Alchemilla glabra,,,,,1
Alchemilla glabriformis,,,,,1
Alchemilla glomerulans,,,1,1,1
Alchemilla monticola,,,,,1
Alchemilla murbeckiana,,,,1,1
Alchemilla norvegica,,,,,1
Alchemilla obtusiformis,,,,,1
Alchemilla semispoliata,,,,,1
Alchemilla subcrenata,,,,,1
Alchemilla wichurae,,,,,1
Alisma plantago-aquatica,,,,,1
Alisma triviale,,,,,1
Allium schoenoprasum,,,,1,1
Alnus alnobetula,,,,,1
Alnus incana,,,,,1
Alopecurus aequalis,,,,1,1
Alopecurus arundinaceus,,,,,1
Alopecurus magellanicus,1,1,1,1,1
Alopecurus pratensis,,,,1,1
Alyssum obovatum,,,,1,1
Amelanchier bartramiana,,,,,1
Andromeda glaucophylla,,,,1,1
Andromeda polifolia,,,,1,1
Androsace alaskana,,,,,1
Androsace americana,,,,,1
Androsace beringensis,,,,,1
Androsace chamaejasme,,,1,1,1
Androsace filiformis,,,,,1
Androsace gorodkovii,,,,,1
Androsace lehmanniana,1,1,1,1,1
Androsace ochotensis,,,1,1,1
Androsace semiperennis,,,,,1
Androsace septentrionalis,,1,1,1,1
Anemone canadensis,,,,,1
Anemone dichotoma,,,,,1
Anemone lithophila,,,,,1
Anemone multiceps,,,,1,1
Anemone multifida,,,,,1
Anemone narcissiflora,,,,1,1
Anemone nemorosa,,,,,1
Anemone ochotensis,,,,,1
Anemone parviflora,,,1,1,1
Anemone patens,,,,1,1
Anemone richardsonii,,,,1,1
Anemone sylvestris,,,,,1
Angelica archangelica,,,,1,1
Angelica atropurpurea,,,,,1
Angelica genuflexa,,,,,1
Angelica gmelinii,,,,1,1
Angelica sylvestris,,,,,1
Angelica tenuifolia,,,,,1
Antennaria alpina,,1,1,1,1
Antennaria dioica,,,,1,1
Antennaria friesiana,,1,1,1,1
Antennaria lanata,,,1,1,1
Antennaria microphylla,,,,,1
Antennaria monocephala,,,,1,1
Antennaria neglecta,,,,,1
Antennaria pulcherrima,,,,,1
Antennaria rosea,,,,1,1
Anthoxanthum nitens,,,,,1
Anthoxanthum odoratum,,,,1,1
Anthriscus sylvestris,,,,,1
Anticlea elegans,,,,1,1
Anticlea sibirica,,,,,1
Aphragmus eschscholtzianus,,,,,1
Aquilegia brevistyla,,,,,1
Arabidopsis arenicola,,1,1,1,1
Arabidopsis lyrata,,1,1,1,1
Arabis alpina,,1,1,1,1
Arabis hirsuta,,,,,1
Arctagrostis arundinacea,,,,,1
Arctagrostis latifolia,1,1,1,1,1
Arctanthemum arcticum,,,,1,1
Arctodupontia scleroclada,,,1,1,1
Arctophila fulva,,1,1,1,1
Arctostaphylos uva-ursi,,,,1,1
Arctous alpina,,,1,1,1
Arctous rubra,,,,1,1
Arenaria humifusa,,1,1,1,1
Arenaria longipedunculata,,,,1,1
Arenaria norvegica,,,,,1
Arenaria pseudofrigida,,1,1,1,1
Armeria maritima,,,,,1
Armeria scabra,,1,1,1,1
Arnica angustifolia,,,1,1,1
Arnica chamissonis,,,,,1
Arnica griscomii,,,,1,1
Arnica lessingii,,,,1,1
Arnica lonchophylla,,,,,1
Arnica unalaschcensis,,,,,1
Artemisia abbreviata,,,,,1
Artemisia alaskana,,,,1,1
Artemisia arctisibirica,,,,1,1
Artemisia borealis,,,1,1,1
Artemisia campestris,,,,,1
Artemisia dracunculus,,,,,1
Artemisia frigida,,,,,1
Artemisia furcata,,,1,1,1
Artemisia globularia,,,,1,1
Artemisia glomerata,,,1,1,1
Artemisia kruhsiana,,,1,1,1
Artemisia lagocephala,,,,,1
Artemisia leucophylla,,,,,1
Artemisia norvegica,,,1,1,1
Artemisia samoiedorum,,,,,1
Artemisia senjavinensis,,,,,1
Artemisia sericea,,,,,1
Artemisia tanacetifolia,,,,,1
Artemisia tilesii,,,1,1,1
Artemisia triniana,,,,1,1
Aruncus dioicus,,,,,1
Askellia elegans,,,,,1
Askellia pygmaea,1,1,1,1,1
Aster alpinus,,,,1,1
Astragalus aboriginum,,,1,1,1
Astragalus alpinus,,,1,1,1
Astragalus australis,,,,,1
Astragalus bodinii,,,,,1
Astragalus eucosmus,,,,1,1
Astragalus frigidus,,,,1,1
Astragalus gorodkovii,,,,,1
Astragalus igoschinae,,,,,1
Astragalus inopinatus,,,,,1
Astragalus kolymensis,,,,1,1
Astragalus laxmannii,,,,,1
Astragalus norvegicus,,,1,1,1
Astragalus nutzotinensis,,,,,1
Astragalus polaris,,,,1,1
Astragalus pseudoadsurgens,,,,1,1
Astragalus robbinsii,,,,,1
Astragalus schelichowii,,,,,1
Astragalus tolmaczevii,,,1,1,1
Astragalus tugarinovii,,,,1,1
Astragalus umbellatus,,,1,1,1
Astragalus vallicola,,,,,1
Atriplex glabriuscula,,,,,1
Atriplex gmelinii,,,,,1
Atriplex nudicaulis,,,,,1
Atriplex prostrata,,,,,1
Barbarea orthoceras,,,,,1
Barbarea stricta,,,,,1
Bartsia alpina,,,,1,1
Beckmannia eruciformis,,,,,1
Beckmannia syzigachne,,,,,1
Beckwithia glacialis,,1,1,1,1
Betula divaricata,,,,1,1
Betula fruticosa,,,,,1
Betula glandulosa,,,,1,1
Betula kenaica,,,,,1
Betula minor,,,,1,1
Betula nana,,,1,1,1
Betula neoalaskana,,,,,1
Betula papyrifera,,,,,1
Betula platyphylla,,,,,1
Betula pubescens,,,,,1
Betula pumila,,,,,1
Bidens hyperborea,,,,,1
Blysmus rufus,,,,,1
Boechera grahamii,,,,,1
Boechera holboellii,,,,1,1
Boechera stricta,,,,,1
Bolboschoenus planiculmis,,,,,1
Boschniakia rossica,,,,1,1
Boykinia richardsonii,,,,1,1
Braya glabella,1,1,1,1,1
Braya humilis,,1,1,1,1
Braya linearis,,,1,1,1
Braya pilosa,,,1,1,1
Braya rosea,,,,,1
Braya thorild-wulffii,1,1,1,1,
Bromus ciliatus,,,,,1
Bromus pumpellianus,,,1,1,1
Bupleurum americanum,,,,1,1
Bupleurum triradiatum,,,,,1
Cakile arctica,,,1,,1
Cakile edentula,,,,,1
Calamagrostis angustifolia,,,,,1
Calamagrostis canadensis,,,,,1
Calamagrostis deschampsioides,,,,1,1
Calamagrostis holmii,,,1,1,1
Calamagrostis inexpansa,,,,1,1
Calamagrostis lapponica,,,,1,1
Calamagrostis purpurascens,,1,1,1,1
Calamagrostis purpurea,,,,1,1
Calamagrostis sesquiflora,,,,,1
Calamagrostis stricta,,,1,1,1
Calla palustris,,,,,1
Callitriche cophocarpa,,,,,1
Callitriche hamulata,,,,1,1
Callitriche hermaphroditica,,,,1,1
Callitriche heterophylla,,,1,1,1
Callitriche palustris,,,1,1,1
Callitriche stenoptera,,,,,1
Calluna vulgaris,,,,,1
Caltha natans,,,,1,1
Caltha palustris,,,1,1,1
Calypso bulbosa,,,,,1
Campanula giesekiana,,,1,1,1
Campanula lasiocarpa,,,,1,1
Campanula rotundifolia,,,1,1,1
Campanula stevenii,,,,,1
Campanula tschuktschorum,,,1,1,1
Campanula uniflora,,1,1,1,1
Caragana jubata,,,,,1
Cardamine bellidifolia,1,1,1,1,1
Cardamine digitata,,,1,1,1
Cardamine hyperborealis,,,,1,1
Cardamine macrophylla,,,,,1
Cardamine microphylla,,,1,1,1
Cardamine oligosperma,,,,1,1
Cardamine pratensis,1,1,1,1,1
Cardamine prorepens,,,,,1
Cardamine purpurea,,,1,1,1
Cardamine trifida,,,,1,1
Cardamine victoris,,,,1,1
Carex accrescens,,,,,1
Carex acuta,,,,,1
Carex adelostoma,,,,,1
Carex alba,,,,,1
Carex albonigra,,,,,1
Carex anthoxanthea,,,,,1
Carex appendiculata,,,,,1
Carex aquatilis,,1,1,1,1
Carex arcta,,,,,1
Carex atherodes,,,,,1
Carex atrata,,,,1,1
Carex atrofusca,,,1,1,1
Carex aurea,,,,,1
Carex bicolor,,,,1,1
Carex bigelowii,,,1,1,1
Carex bonanzensis,,,,,1
Carex brunnescens,,,,1,1
Carex buxbaumii,,,,,1
Carex canescens,,,,,1
Carex capillaris,,,1,1,1
Carex capitata,,,,1,1
Carex cespitosa,,,,,1
Carex chordorrhiza,,,,1,1
Carex concinna,,,,,1
Carex deflexa,,,,,1
Carex diandra,,,,,1
Carex dioica,,,,,1
Carex disperma,,,,,1
Carex duriuscula,,,,,1
Carex eburnea,,,,,1
Carex echinata,,,,,1
Carex eleusinoides,,,,,1
Carex enervis,,,,,1
Carex filifolia,,,,,1
Carex flava,,,,,1
Carex foenea,,,,,1
Carex fuliginosa,1,1,1,1,1
Carex garberi,,,,,1
Carex glacialis,,,1,1,1
Carex glareosa,,,1,1,1
Carex globularis,,,,,1
Carex gmelinii,,,,,1
Carex gynocrates,,,,1,1
Carex heleonastes,,,,,1
Carex holostoma,,,,1,1
Carex hostiana,,,,,1
Carex interior,,,,,1
Carex krausei,,,1,1,1
Carex kreczetoviczii,,,,,1
Carex lachenalii,,,1,1,1
Carex lapponica,,,,,1
Carex lasiocarpa,,,,,1
Carex laxa,,,,,1
Carex ledebouriana,,,,,1
Carex lenticularis,,,,,1
Carex leptalea,,,,,1
Carex limosa,,,,,1
Carex livida,,,,,1
Carex loliacea,,,,,1
Carex lyngbyei,,,,,1
Carex mackenziei,,,,,1
Carex macloviana,,,,1,1
Carex macrochaeta,,,,,1
Carex macrogyna,,,,,1
Carex magellanica,,,,,1
Carex marina,,,1,1,1
Carex maritima,,1,1,1,1
Carex media,,,,,1
Carex melanocarpa,,,,1,1
Carex membranacea,,,1,1,1
Carex microchaeta,,,,,1
Carex microglochin,,,,1,1
Carex micropoda,,,,,1
Carex mollissima,,,,,1
Carex nardina,,1,1,1,1
Carex nigra,,,,,1
Carex norvegica,,,,1,1
Carex obtusata,,,,,1
Carex oligosperma,,,,,1
Carex paleacea,,,,,1
Carex panicea,,,,,1
Carex parallela,,,1,1,1
Carex pauciflora,,,,,1
Carex petricosa,,,,1,1
Carex pilulifera,,,,,1
Carex pluriflora,,,,,1
Carex podocarpa,,,,1,1
Carex praticola,,,,,1
Carex pulicaris,,,,,1
Carex ramenskii,,,,,1
Carex rariflora,,,,1,1
Carex recta,,,,,1
Carex rhizina,,,,,1
Carex rigidioides,,,,,1
Carex rostrata,,,,,1
Carex rotundata,,,,1,1
Carex rufina,,,,1,1
Carex rupestris,,1,1,1,1
Carex sabulosa,,,,,1
Carex salina,,,,,1
Carex saxatilis,,,1,1,1
Carex scirpoidea,,,1,1,1
Carex scita,,,,,1
Carex stylosa,,,,1,1
Carex subspathacea,,,1,1,1
Carex supina,,,1,1,1
Carex tenuiflora,,,,,1
Carex trautvetteriana,,,,,1
Carex trisperma,,,,,1
Carex umbellata,,,,,1
Carex umbrosa,,,,,1
Carex ursina,,1,1,1,1
Carex utriculata,,,,,1
Carex vaginata,,,,1,1
Carex van-heurckii,,,,,1
Carex vesicaria,,,,,1
Carex viridula,,,,,1
Carex williamsii,,,,1,1
Carex X langeana,,,,,1
Carex X lidii,,1,1,,1
Cassiope ericoides,,,,,1
Cassiope lycopodioides,,,,,1
Cassiope stelleriana,,,,,1
Cassiope tetragona,,,1,1,1
Castilleja arctica,,,,1,1
Castilleja caudata,,,,1,1
Castilleja elegans,,,1,1,1
Castilleja hyparctica,,,,,1
Castilleja hyperborea,,,,1,1
Castilleja lapponica,,,,1,1
Castilleja pallida,,,,,1
Castilleja pavlovii,,,,1,1
Castilleja pseudohyperborea,,,,,1
Castilleja raupii,,,,,1
Castilleja rubra,,,,,1
Castilleja septentrionalis,,,,1,1
Catabrosa aquatica,,,,,1
Cenolophium denudatum,,,,,1
Cerastium alpinum,,1,1,1,1
Cerastium arcticum,1,1,1,1,1
Cerastium arvense,,,,1,1
Cerastium beeringianum,1,1,1,1,1
Cerastium cerastoides,,,1,1,1
Cerastium davuricum,,,,1,1
Cerastium fischerianum,,,,1,1
Cerastium fontanum,,,,,1
Cerastium maximum,,1,1,1,1
Cerastium nigrescens,,,,,1
Cerastium regelii,1,1,1,1,1
Ceratophyllum demersum,,,,,1
Chamaedaphne calyculata,,,,,1
Chamaepericlymenum unalaschkense,,,,,1
Chamorchis alpina,,,,,1
Chenopodium capitatum,,,,,1
Chenopodium jenissejense,,,,,1
Chenopodium karoi,,,,,1
Chenopodium salinum,,,,,1
Chrysosplenium alternifolium,,,,,1
Chrysosplenium rimosum,,,,,1
Chrysosplenium rosendahlii,,,1,1,1
Chrysosplenium serreanum,,,1,1,1
Chrysosplenium tetrandrum,,1,1,1,1
Chrysosplenium wrightii,,,,1,1
Cicuta bulbifera,,,,,1
Cicuta douglasii,,,,,1
Cicuta virosa,,,,,1
Cinna latifolia,,,,,1
Cirsium heterophyllum,,,,1,1
Claytonia acutifolia,,,,1,1
Claytonia arctica,,,1,1,1
Claytonia eschscholtzii,,,,1,1
Claytonia joanneana,,,,,1
Claytonia multiscapa,,,,,1
Claytonia sarmentosa,,,,1,1
Claytonia scammaniana,,,,,1
Claytonia tuberosa,,,,1,1
Clematis alpina,,,,,1
Cnidium ajanense,,,,,1
Cnidium cnidiifolium,,,,1,1
Cochlearia arctica,,,1,1,1
Cochlearia groenlandica,1,1,1,1,1
Cochlearia oblongifolia,,,,1,1
Cochlearia officinalis,,,,,1
Colpodium lanatiflorum,,,,,1
Comarum palustre,,,,1,1
Comastoma tenellum,,,1,1,1
Conioselinum chinense,,,,1,1
Conioselinum vaginatum,,,,,1
Coptidium lapponicum,,1,1,1,1
Coptidium pallasii,,,1,1,1
Coptidium X spitsbergense,,1,1,1,1
Coptis trifolia,,,,1,1
Corallorhiza trifida,,,,,1
Corispermum crassifolium,,,,,1
Corispermum ochotense,,,,,1
Cornus canadensis,,,,,1
Cornus suecica,,,,1,1
Cortusa matthioli,,,,,1
Corydalis pauciflora,,,,1,1
Corydalis sibirica,,,,,1
Cotoneaster niger,,,,,1
Cotoneaster uralensis,,,,,1
Crepis chrysantha,,,,1,1
Crepis foliosa,,,,,1
Crepis multicaulis,,,,,1
Crepis nigrescens,,,,,1
Crepis paludosa,,,,,1
Crepis sibirica,,,,,1
Crepis tectorum,,,,,1
Crucihimalaya bursifolia,,1,1,1,1
Cypripedium guttatum,,,,,1
Cypripedium parviflorum,,,,,1
Cypripedium passerinum,,,,,1
Dactylorhiza aristata,,,,,1
Dactylorhiza fuchsii,,,,,1
Dactylorhiza incarnata,,,,,1
Dactylorhiza lapponica,,,,,1
Dactylorhiza maculata,,,,,1
Dactylorhiza viridis,,,,1,1
Danthonia intermedia,,,,,1
Danthonia spicata,,,,,1
Dasiphora tenuifolia,,,,1,1
Delphinium brachycentrum,,,,,1
Delphinium chamissonis,,,1,1,1
Delphinium cheilanthum,,,1,1,1
Delphinium elatum,,,,1,1
Delphinium glaucum,,,,,1
Delphinium ochotense,,,,,1
Dendranthema mongolicum,,,,1,1
Deschampsia atropurpurea,,,,,1
Deschampsia cespitosa,1,1,1,1,1
Deschampsia flexuosa,,,,1,1
Descurainia sophioides,,,,1,1
Dianthus repens,,,,1,1
Dianthus superbus,,,,1,1
Diapensia lapponica,,1,1,1,1
Dicentra peregrina,,,,1,1
Dodecatheon frigidum,,,,1,1
Dontostemon pinnatifidus,,,,1,1
Draba alpina,1,1,1,1,1
Draba arctogena,1,1,1,1,1
Draba aurea,,,1,1,1
Draba borealis,,,,1,1
Draba cana,,,,1,1
Draba chamissonis,,,,1,1
Draba cinerea,,,1,1,1
Draba corymbosa,1,1,1,1,1
Draba crassifolia,,,1,1,1
Draba eschscholtzii,,,,1,1
Draba fladnizensis,,,1,1,1
Draba glabella,,1,1,1,1
Draba glacialis,,1,1,1,1
Draba hyperborea,,,,,1
Draba incana,,,,1,1
Draba incerta,,,,,1
Draba juvenilis,,,,1,1
Draba lactea,1,1,1,1,1
Draba lonchocarpa,,,1,1,1
Draba macounii,,,,,1
Draba micropetala,1,1,1,1,1
Draba nemorosa,,,,,1
Draba nivalis,1,1,1,1,1
Draba norvegica,,1,1,1,1
Draba oblongata,1,1,1,1,1
Draba oligosperma,,,,1,
Draba ovibovina,1,1,,,
Draba oxycarpa,1,1,1,1,1
Draba palanderiana,,,1,1,1
Draba pauciflora,1,1,1,1,1
Draba pilosa,,,1,1,1
Draba sibirica,,,1,1,1
Draba simmonsii,1,1,1,1,1
Draba stenoloba,,,,,1
Draba stenopetala,,,,1,1
Draba subcapitata,1,1,1,1,1
Draba taimyrensis,,,1,1,
Draba tschuktschorum,,,1,1,1
Dracocephalum palmatum,,,,1,1
Drosera anglica,,,,,1
Drosera rotundifolia,,,,,1
Dryas drummondii,,,,,1
Dryas grandis,,,,,1
Dryas incisa,,1,1,1,1
Dryas integrifolia,,1,1,1,1
Dryas octopetala,,1,1,1,1
Dryas X grandiformis,,,,,1
Dupoa labradorica,,,,1,1
Dupontia fisheri,1,1,1,1,1
Elatine rubella,,,,,1
Eleocharis acicularis,,,,,1
Eleocharis fennica,,,,,1
Eleocharis mamillata,,,,,1
Eleocharis palustris,,,,,1
Eleocharis quinqueflora,,,,,1
Eleocharis uniglumis,,,,,1
Elymus caninus,,,,,1
Elymus confusus,,,,,1
Elymus fibrosus,,,,,1
Elymus jacutensis,,,,,1
Elymus macrourus,,,1,1,1
Elymus mutabilis,,,,,1
Elymus reflexiaristatus,,,,,1
Elymus sajanensis,,1,1,1,1
Elymus trachycaulus,,,,1,1
Empetrum nigrum,,1,1,1,1
Endocellion glaciale,,,,1,1
Epilobium alsinifolium,,,,1,1
Epilobium anagallidifolium,,,1,1,1
Epilobium angustifolium,,,,1,1
Epilobium ciliatum,,,,,1
Epilobium collinum,,,,,1
Epilobium davuricum,1,1,1,1,1
Epilobium hornemannii,,,,1,1
Epilobium lactiflorum,,,,1,1
Epilobium latifolium,1,1,1,1,1
Epilobium montanum,,,,,1
Epilobium palustre,,,,1,1
Epipactis atrorubens,,,,,1
Eremogone capillaris,,,,1,1
Eremogone polaris,,,1,1,1
Eremogone tschuktschorum,,,,1,1
Erigeron acris,,,,,1
Erigeron alpiniformis,,,,1,1
Erigeron borealis,,,,1,1
Erigeron compositus,,1,1,1,1
Erigeron denalii,,,,,1
Erigeron elatus,,,,,1
Erigeron eriocalyx,,,,1,1
Erigeron eriocephalus,,1,1,1,1
Erigeron glabellus,,,,,1
Erigeron humilis,,1,1,1,1
Erigeron hyperboreus,,,,1,1
Erigeron hyssopifolius,,,,,1
Erigeron komarovii,,,1,1,1
Erigeron lonchophyllus,,,,,1
Erigeron muirii,,,1,1,1
Erigeron ochroleucus,,,,,1
Erigeron porsildii,,,,1,1
Erigeron purpuratus,,,,,1
Erigeron silenifolius,,,,1,1
Erigeron uniflorus,,,,,1
Erigeron yukonensis,,,,,1
Eriophorum angustifolium,,1,1,1,1
Eriophorum brachyantherum,,,,1,1
Eriophorum callitrix,,,1,1,1
Eriophorum chamissonis,,,,1,1
Eriophorum gracile,,,,,1
Eriophorum latifolium,,,,,1
Eriophorum scheuchzeri,1,1,1,1,1
Eriophorum tolmatchevii,,,,,1
Eriophorum vaginatum,,,,1,1
Eriophorum viridicarinatum,,,,,1
Eriophorum X medium,,,,1,1
Eriophorum X rousseauianum,,,1,1,1
Eritrichium aretioides,,,,1,1
Eritrichium splendens,,,,1,1
Eritrichium tschuktschorum,,,,1,1
Eritrichium villosum,1,1,1,1,1
Erophila verna,,,,,1
Erysimum cheiranthoides,,,,,1
Erysimum inconspicuum,,,,,1
Erysimum marschallianum,,,,,1
Erysimum redowskii,1,1,1,1,1
Erysimum virgatum,,,,,1
Euphrasia disjuncta,,,,,1
Euphrasia frigida,,,,1,1
Euphrasia hudsoniana,,,,,1
Euphrasia hyperborea,,,,,1
Euphrasia mollis,,,,,1
Euphrasia saamica,,,,,1
Euphrasia salisburgensis,,,,,1
Euphrasia stricta,,,,,1
Euphrasia subarctica,,,,,1
Euphrasia vinacea,,,,,1
Euphrasia wettsteinii,,1,1,1,1
Eurybia sibirica,,,,1,1
Eutrema edwardsii,1,1,1,1,1
Eutrema salsugineum,,,,,1
Festuca altaica,,,,1,1
Festuca auriculata,,1,1,1,1
Festuca baffinensis,,1,1,1,1
Festuca brachyphylla,1,1,1,1,1
Festuca brevissima,,,,1,1
Festuca edlundiae,1,1,1,1,1
Festuca frederikseniae,,1,1,1,1
Festuca hyperborea,1,1,1,1,1
Festuca kolymensis,,,,,1
Festuca lenensis,,,,1,1
Festuca ovina,,,1,,1
Festuca richardsonii,,1,1,1,1
Festuca rubra,,,1,1,1
Festuca saximontana,,,,,1
Festuca vivipara,,,,1,1
Festuca viviparoidea,,1,1,1,1
Filipendula ulmaria,,,,1,1
Fragaria vesca,,,,,1
Fragaria virginiana,,,,,1
Gagea liotardii,,,,,1
Gagea serotina,,,1,1,1
Galearis rotundifolia,,,,1,1
Galeopsis tetrahit,,,,,1
Galium aparine,,,,,1
Galium boreale,,,,1,1
Galium kamtschaticum,,,,,1
Galium labradoricum,,,,,1
Galium normanii,,,,,1
Galium palustre,,,,,1
Galium trifidum,,,,1,1
Galium triflorum,,,,1,1
Galium uliginosum,,,,,1
Galium verum,,,,,1
Gaultheria hispidula,,,,,1
Gentiana algida,,,,1,1
Gentiana glauca,,,,1,1
Gentiana nivalis,,,,1,1
Gentiana prostrata,,,,1,1
Gentiana verna,,,,1,1
Gentianella amarella,,,,,1
Gentianella aurea,,,,1,1
Gentianella auriculata,,,,,1
Gentianella campestris,,,,,1
Gentianella propinqua,,,,1,1
Gentianopsis barbata,,,,1,1
Gentianopsis detonsa,,,1,1,1
Gentianopsis nesophila,,,,,1
Geocaulon lividum,,,,,1
Geranium erianthum,,,,,1
Geranium pratense,,,,,1
Geranium sylvaticum,,,,1,1
Geum aleppicum,,,,,1
Geum calthifolium,,,,,1
Geum glaciale,1,1,1,1,1
Geum macrophyllum,,,,,1
Geum rivale,,,,1,1
Geum rossii,,1,1,1,1
Glyceria borealis,,,,,1
Glyceria striata,,,,,1
Gnaphalium sylvaticum,,,,,1
Gnaphalium uliginosum,,,,1,1
Gymnadenia conopsea,,,,,1
Gypsophila sambukii,,,,,1
Gypsophila uralensis,,,,,1
Halerpestes cymbalaria,,,,1,1
Harrimanella hypnoides,,,1,1,1
Hedysarum alpinum,,,,1,1
Hedysarum dasycarpum,,,,1,1
Hedysarum hedysaroides,,1,1,1,1
Hedysarum mackenziei,,,1,1,1
Hedysarum vicioides,,,,,1
Helictotrichon dahuricum,,,,,1
Helictotrichon krylovii,,,,,1
Heracleum lanatum,,,,,1
Heracleum sphondylium,,,,,1
Heuchera glabra,,,,,1
Hieracium acinacifolium,,,,,1
Hieracium adakense,,,,,1
Hieracium adlerzii,,,,,1
Hieracium alatum,,,,,1
Hieracium alpinum,,,,1,1
Hieracium altipetens,,,,,1
Hieracium antecursorum,,,,,1
Hieracium apicicomum,,,,,1
Hieracium aquiliforme,,,,,1
Hieracium arctomurmanicum,,,,,1
Hieracium atratum,,,,1,1
Hieracium atriplicifolium,,,,,1
Hieracium barbulatum,,,,,1
Hieracium basileion,,,,,1
Hieracium belonodontum,,,,,1
Hieracium bifidum,,,,,1
Hieracium bipediforme,,,,,1
Hieracium brotheri,,,,,1
Hieracium caesium,,,,,1
Hieracium cataponum,,,,,1
Hieracium catoxylepis,,,,,1
Hieracium chlorolepidotum,,,,,1
Hieracium cisuralense,,,,,1
Hieracium congenitum,,,,,1
Hieracium congruens,,,,,1
Hieracium coronarium,,,,,1
Hieracium cruentiferum,,,,,1
Hieracium cuspidellum,,,,,1
Hieracium czescha�nse,,,,,1
Hieracium davidsonii,,,,,1
Hieracium diacritum,,,,,1
Hieracium diaphanoides,,,,,1
Hieracium diaphanum,,,,,1
Hieracium dissotocoides,,,,,1
Hieracium dolabratum,,,,,1
Hieracium dovrense,,,,,1
Hieracium elegantiforme,,,,,1
Hieracium erythrostictum,,,,,1
Hieracium eurofinmarkicum,,,,,1
Hieracium excubitum,,,,,1
Hieracium eximiiforme,,,,,1
Hieracium fasciculare,,,,,1
Hieracium fellmanii,,,,,1
Hieracium floccilimbatum,,,,,1
Hieracium foliolatum,,,,,1
Hieracium folioliferum,,,,,1
Hieracium froelichianum,,,,,1
Hieracium fuliginosum,,,,,1
Hieracium furfurosum,,,,,1
Hieracium furvescens,,,,,1
Hieracium fuscocinereum,,,,,1
Hieracium glabriligulatum,,,,,1
Hieracium gorodkowianum,,,,,1
Hieracium haploum,,,,,1
Hieracium holopleuroides,,,,,1
Hieracium hraunense,,,,,1
Hieracium integrilaterum,,,,,1
Hieracium inuloides,,,,,1
Hieracium issatchenkoi,,,,,1
Hieracium kaldalonense,,,,,1
Hieracium kildinense,,,,,1
Hieracium kolgujevense,,,,,1
Hieracium lachenalii,,,,1,1
Hieracium laevigatum,,,,1,1
Hieracium lapponicum,,,,,1
Hieracium latypeum,,,,,1
Hieracium leuceriodes,,,,,1
Hieracium leucodetum,,,,,1
Hieracium leucomallum,,,,,1
Hieracium levihirtum,,,,,1
Hieracium lividorubens,,,,1,1
Hieracium ljapinense,,,,,1
Hieracium lopholepidioides,,,,,1
Hieracium lygistodon,,,,,1
Hieracium macrocladum,,,,,1
Hieracium macropholidium,,,,,1
Hieracium magnidens,,,,,1
Hieracium microdon,,,,,1
Hieracium microplacerum,,,,,1
Hieracium murorum,,,,1,1
Hieracium neorepandum,,,,,1
Hieracium nigrescens,,,,1,1
Hieracium pellucidum,,,,,1
Hieracium percome,,,,,1
Hieracium pereffusum,,,,,1
Hieracium petiolosum,,,,,1
Hieracium philanthrax,,,,,1
Hieracium phrixoclonum,,,,,1
Hieracium plicatum,,,,1,1
Hieracium polymorphophyllum,,,,,1
Hieracium praepallens,,,,,1
Hieracium prenanthoides,,,,,1
Hieracium puschlachtae,,,,,1
Hieracium putoranicum,,,,,1
Hieracium rohacsense,,,,,1
Hieracium saxifragum,,,,,1
Hieracium schmidtii,,,,,1
Hieracium semicurvatum,,,,,1
Hieracium semiprolixum,,,,,1
Hieracium shaparenkoi,,,,,1
Hieracium soczavae,,,,,1
Hieracium sommerfeltii,,,,,1
Hieracium sosvaense,,,,,1
Hieracium stenopholidium,,,,,1
Hieracium stenopiforme,,,,,1
Hieracium subarctophilum,,,,,1
Hieracium subarctoum,,,,,1
Hieracium subasperellum,,,,,1
Hieracium subgracilescens,,,,,1
Hieracium submaculigerum,,,,,1
Hieracium subpellucidum,,,,,1
Hieracium subrigidum,,,,,1
Hieracium subviolascentiforme,,,,,1
Hieracium taigense,,,,,1
Hieracium tanense,,,,,1
Hieracium tanfiliewii,,,,,1
Hieracium tazense,,,,,1
Hieracium teligerum,,,,,1
Hieracium thulense,,,,,1
Hieracium timanense,,,,,1
Hieracium tolmatchevii,,,,,1
Hieracium transiens,,,,,1
Hieracium trigonophorum,,,,,1
Hieracium triste,,,,,1
Hieracium tritum,,,,,1
Hieracium trivialiforme,,,,,1
Hieracium truncatum,,,,,1
Hieracium umbellatum,,,,1,1
Hieracium unguiculiferum,,,,,1
Hieracium uralense,,,,,1
Hieracium vaidae,,,,,1
Hieracium varangerense,,,,,1
Hieracium wologdense,,,,,1
Hieracium zelencense,,,,,1
Hierochloe alpina,,1,1,1,1
Hierochloe glabra,,,,,1
Hierochloe odorata,,,,1,1
Hierochloe pauciflora,,1,1,1,1
Hierochloe spicata,,,1,1,
Hippuris tetraphylla,,,,1,1
Hippuris vulgaris,,1,1,1,1
Honckenya peploides,,,1,1,1
Hordeum jubatum,,,,,1
Hulteniella integrifolia,,1,1,1,1
Hystrix sibirica,,,,,1
Impatiens noli-tangere,,,,,1
Iris setosa,,,,1,1
Isatis jacutensis,,,,,1
Juncus alpinoarticulatus,,,,,1
Juncus arcticus,,,1,1,1
Juncus articulatus,,,,,1
Juncus balticus,,,,,1
Juncus biglumis,1,1,1,1,1
Juncus brachyspathus,,,,,1
Juncus bulbosus,,,,,1
Juncus castaneus,,,1,1,1
Juncus drummondii,,,,,1
Juncus filiformis,,,,,1
Juncus gerardii,,,,,1
Juncus haenkei,,,,,1
Juncus longirostris,,,,,1
Juncus mertensianus,,,,,1
Juncus ranarius,,,,,1
Juncus squarrosus,,,,,1
Juncus stygius,,,,,1
Juncus subtilis,,,,,1
Juncus trifidus,,,1,1,1
Juncus triglumis,,,1,1,1
Juncus vaseyi,,,,,1
Kalmia polifolia,,,,,1
Kobresia myosuroides,,1,1,1,1
Kobresia sibirica,,,1,1,1
Kobresia simpliciuscula,,,1,1,1
Koeleria asiatica,,,,1,1
Koeleria glauca,,,,1,1
Koeleria pyramidata,,,,,1
Koenigia islandica,,1,1,1,1
Lactuca alpina,,,,,1
Lactuca sibirica,,,,,1
Lactuca tatarica,,,,,1
Lagotis glauca,,1,1,1,1
Lagotis minor,,1,1,1,1
Lamium album,,,,,1
Lathyrus japonicus,,,,1,1
Lathyrus palustris,,,,1,1
Lathyrus pratensis,,,,,1
Ledum palustre,,,1,1,1
Lemna minor,,,,,1
Lemna trisulca,,,,,1
Lemna turionifera,,,,,1
Leontopodium kurilense,,,,,1
Lesquerella arctica,1,1,1,1,1
Leymus ajanensis,,,,1,1
Leymus arenarius,,,,,1
Leymus innovatus,,,,,1
Leymus mollis,,,,1,1
Leymus villosissimus,,,,1,1
Ligularia sibirica,,,,,1
Ligusticum mutellinoides,,,,1,1
Ligusticum scoticum,,,,,1
Limnas malyschevii,,,,,1
Limosella aquatica,,,,1,1
Linaria acutiloba,,,,,1
Linnaea borealis,,,,1,1
Linum catharticum,,,,,1
Linum komarovii,,,,,1
Linum lewisii,,,,,1
Littorella uniflora,,,,,1
Loiseleuria procumbens,,,1,1,1
Lomatogonium carinthiacum,,,,,1
Lomatogonium rotatum,,,,1,1
Lonicera caerulea,,,,,1
Lonicera villosa,,,,,1
Lupinus arcticus,,,1,1,1
Lupinus nootkatensis,,,,,1
Luzula arcuata,,,1,1,1
Luzula capitata,,,,,1
Luzula confusa,1,1,1,1,1
Luzula groenlandica,,,,1,1
Luzula kjellmaniana,,,,1,1
Luzula multiflora,,,,1,1
Luzula nivalis,1,1,1,1,1
Luzula oligantha,,,,,1
Luzula pallescens,,,,,1
Luzula parviflora,,,,1,1
Luzula pilosa,,,,,1
Luzula rufescens,,,,,1
Luzula spicata,,,1,1,1
Luzula sudetica,,,,,1
Luzula wahlenbergii,,,1,1,1
Lycopus uniflorus,,,,,1
Lysimachia europaea,,,,1,1
Lysimachia maritima,,,,,1
Lysimachia thyrsiflora,,,,,1
Maianthemum bifolium,,,,,1
Maianthemum canadense,,,,,1
Maianthemum stellatum,,,,,1
Maianthemum trifolium,,,,,1
Melampyrum pratense,,,,,1
Melampyrum silvaticum,,,,,1
Melica nutans,,,,,1
Mentha arvensis,,,,,1
Mentha canadensis,,,,,1
Menyanthes trifoliata,,,,1,1
Mertensia drummondii,,,1,1,1
Mertensia maritima,,1,1,1,1
Mertensia paniculata,,,,1,1
Micranthes calycina,,,,1,1
Micranthes davurica,,,,1,1
Micranthes hieraciifolia,,,1,1,1
Micranthes lyallii,,,,,1
Micranthes merkii,,,,,1
Micranthes nelsoniana,,,,,1
Micranthes nudicaulis,,,,,1
Micranthes porsildiana,,,,,1
Micranthes punctata,,,,1,1
Micranthes reflexa,,,,1,1
Micranthes spicata,,,,,1
Micranthes unalaschensis,,,,,1
Milium effusum,,,,,1
Mimulus guttatus,,,,,1
Minuartia arctica,,1,1,1,1
Minuartia biflora,,1,1,1,1
Minuartia dawsonensis,,,,,1
Minuartia elegans,,,1,1,1
Minuartia groenlandica,,,,1,1
Minuartia macrocarpa,,1,1,1,1
Minuartia obtusiloba,,,,1,1
Minuartia rossii,1,1,1,1,1
Minuartia rubella,1,1,1,1,1
Minuartia stricta,,,1,1,1
Minuartia verna,,,,,1
Minuartia yukonensis,,,,,1
Mitella nuda,,,,,1
Moehringia lateriflora,,,,,1
Moehringia macrophylla,,,,,1
Molinia caerulea,,,,,1
Moneses uniflora,,,,,1
Monolepis asiatica,,,,,1
Monolepis nuttalliana,,,,,1
Montia fontana,,,,1,1
Montia vassilievii,,,,1,1
Myosotis asiatica,,1,1,1,1
Myosotis decumbens,,,,,1
Myosotis laxa,,,,,1
Myosotis pseudovariabilis,,,,,1
Myosotis scorpioides,,,,,1
Myrica gale,,,,,1
Myriophyllum alterniflorum,,,,,1
Myriophyllum sibiricum,,,,1,1
Myriophyllum verticillatum,,,,,1
Nardus stricta,,,,1,1
Neottia borealis,,,,,1
Neottia cordata,,,,,1
Neottia ovata,,,,,1
Noccaea arctica,,,,1,1
Nuphar polysepala,,,,,1
Nuphar pumila,,,,,1
Omalotheca norvegica,,,,1,1
Omalotheca supina,,,1,1,1
Orthilia secunda,,,1,1,1
Oryzopsis pungens,,,,,1
Oxyria digyna,1,1,1,1,1
Oxytropis adamsiana,,,1,1,1
Oxytropis arctica,,1,1,1,1
Oxytropis bellii,,,1,1,1
Oxytropis beringensis,,,,1,
Oxytropis campestris,,1,1,1,1
Oxytropis czukotica,,,1,1,1
Oxytropis deflexa,,,,1,1
Oxytropis glutinosa,,,,1,1
Oxytropis inopinata,,,,,1
Oxytropis jordalii,,,,,1
Oxytropis kamtschatica,,,,,1
Oxytropis katangensis,,,,,1
Oxytropis kateninii,,,,1,
Oxytropis kokrinensis,,,,,1
Oxytropis koyukukensis,,,,,1
Oxytropis leucantha,,,,1,1
Oxytropis maydelliana,,,1,1,1
Oxytropis mertensiana,,,1,1,1
Oxytropis middendorffii,,,1,1,1
Oxytropis nigrescens,,1,1,1,1
Oxytropis ochotensis,,,,1,1
Oxytropis podocarpa,,,,1,1
Oxytropis putoranica,,,,,1
Oxytropis revoluta,,,,,1
Oxytropis scammaniana,,,,,1
Oxytropis schmorgunoviae,,,,,1
Oxytropis semiglobosa,,,,1,1
Oxytropis splendens,,,,,1
Oxytropis sverdrupii,,,,1,
Oxytropis taimyrensis,,,1,1,1
Oxytropis tichomirovii,,,1,1,
Oxytropis uniflora,,,1,1,
Oxytropis uschakovii,,,1,1,
Oxytropis vassilczenkoi,,,,1,1
Oxytropis vasskovskyi,,,,1,1
Oxytropis viscida,,,1,1,1
Oxytropis wrangelii,,,1,1,
Packera heterophylla,,,1,1,1
Packera hyperborealis,,,1,1,1
Packera indecora,,,,,1
Packera ogotorukensis,,,,1,1
Packera pauciflora,,,,,1
Packera paupercula,,,,,1
Paeonia anomala,,,,,1
Papaver angustifolium,,,1,1,1
Papaver anjuicum,,,,,1
Papaver atrovirens,,,1,1,
Papaver calcareum,,,1,1,
Papaver chionophilum,,,1,1,
Papaver czekanowskii,,,,1,1
Papaver detritophilum,,,,,1
Papaver gorodkovii,,,1,1,1
Papaver hypsipetes,,,,,1
Papaver labradoricum,,,1,1,1
Papaver lapponicum,,1,1,1,1
Papaver lenaense,,,,1,1
Papaver leucotrichum,,,,,1
Papaver macounii,,,1,1,1
Papaver mcconellii,,,,,1
Papaver microcarpum,,,,1,1
Papaver multiradiatum,,,1,1,
Papaver murrayi,,,,1,1
Papaver nivale,,,,,1
Papaver nudicaule,,,1,1,
Papaver paucistaminum,,,1,1,1
Papaver pulvinatum,,,1,1,1
Papaver radicatum,1,1,1,1,1
Papaver schamurinii,,,1,1,1
Papaver uschakovii,,,1,1,
Papaver variegatum,,,,,1
Papaver walpolei,,,,1,1
Parasenecio hastatus,,,,,1
Parnassia kotzebuei,,,,1,1
Parnassia palustris,,,,1,1
Parrya arctica,1,1,1,1,1
Parrya nauruaq,,,,,1
Parrya nudicaulis,1,1,1,1,1
Pedicularis albolabiata,,1,1,1,1
Pedicularis alopecuroides,,,1,1,1
Pedicularis amoena,,,1,1,1
Pedicularis arctoeuropaea,,,1,1,1
Pedicularis capitata,,1,1,1,1
Pedicularis compacta,,,,,1
Pedicularis dasyantha,,1,1,1,1
Pedicularis eriopoda,,,,,1
Pedicularis flammea,,1,1,1,1
Pedicularis groenlandica,,,,,1
Pedicularis hirsuta,1,1,1,1,1
Pedicularis hyperborea,,,,,1
Pedicularis interior,,,,1,1
Pedicularis labradorica,,,,1,1
Pedicularis lanata,,1,1,1,1
Pedicularis langsdorffii,,1,1,1,1
Pedicularis lapponica,,,1,1,1
Pedicularis oederi,,,1,1,1
Pedicularis pacifica,,,,1,1
Pedicularis palustris,,,,,1
Pedicularis parviflora,,,,,1
Pedicularis pennellii,,,,,1
Pedicularis sceptrum-carolinum,,,,1,1
Pedicularis sudetica,,1,1,1,1
Pedicularis tristis,,,,,1
Pedicularis verticillata,,,,1,1
Pedicularis villosa,,,1,1,1
Persicaria alpina,,,,1,1
Persicaria amphibia,,,,,1
Persicaria bistorta,,1,1,1,1
Persicaria vivipara,1,1,1,1,1
Petasites frigidus,,,1,1,1
Petasites radiatus,,,,1,1
Petasites sibiricus,,,1,1,1
Phalaris arundinacea,,,,,1
Phippsia algida,1,1,1,1,1
Phippsia concinna,1,1,1,1,1
Phleum alpinum,,,,1,1
Phlojodicarpus villosus,,,,1,1
Phlox alaskensis,,,,1,1
Phlox hoodii,,,1,1,1
Phlox sibirica,,,,1,1
Phyllodoce aleutica,,,,,1
Phyllodoce caerulea,,,,,1
Physaria calderi,,,,,1
Pilosella cymosa,,,,,1
Pilosella floribunda,,,,,1
Pilosella macranthella,,,,1,1
Pilosella peleteriana,,,,,1
Pinguicula algida,,,,,1
Pinguicula alpina,,,,1,1
Pinguicula spathulata,,,,1,1
Pinguicula villosa,,,,,1
Pinguicula vulgaris,,,,1,1
Piptatherum canadense,,,,,1
Plantago canescens,,,,1,1
Plantago eriopoda,,,,,1
Plantago jurtzevii,,,,,1
Plantago maritima,,,1,1,1
Platanthera aquilonis,,,,,1
Platanthera dilatata,,,,,1
Platanthera huronensis,,,,,1
Platanthera hyperborea,,,,1,1
Platanthera obtusata,,,,,1
Pleuropogon sabinei,1,1,1,1,
Pleurospermum uralense,,,,,1
Poa abbreviata,1,1,1,1,1
Poa almasovii,,,,,1
Poa alpigena,1,1,1,1,1
Poa alpina,1,1,1,1,1
Poa arctica,1,1,1,1,1
Poa beringiana,,,,,1
Poa eminens,,,,1,1
Poa filiculmis,,,,,1
Poa flexuosa,,,,,1
Poa glauca,,1,1,1,1
Poa hartzii,,1,1,1,1
Poa humilis,,,,,1
Poa lanata,,,,1,1
Poa leibergii,,,,,1
Poa leptocoma,,,,1,1
Poa macrocalyx,,,,,1
Poa nemoralis,,,,,1
Poa palustris,,,,,1
Poa pattersonii,,,,,1
Poa paucispicula,,,,1,1
Poa platyantha,,,,,1
Poa pratensis,,,,,1
Poa pseudoabbreviata,,,1,1,1
Poa raduliformis,,,,,1
Poa sibirica,,,,1,1
Poa sublanata,,,,,1
Poa tanfiljewii,,,,,1
Poa tolmatchewii,1,1,1,1,1
Poa trautvetteri,,,,,1
Poa trivialis,,,,,1
Poa urssulensis,,,,,1
Poa versicolor,,,,,1
Poa vrangelica,,,,1,1
Poa X jemtlandica,,,,,1
Poa X magadanensis,,,,,1
Podistera macounii,,,,,1
Polemonium acutiflorum,,,1,1,1
Polemonium boreale,,1,1,1,1
Polemonium caeruleum,,,,,1
Polemonium pulcherrimum,,,,1,1
Polygala comosa,,,,,1
Polygala serpyllifolia,,,,,1
Polygonum ajanense,,,,,1
Polygonum boreale,,,,,1
Polygonum fowleri,,,,,1
Polygonum humifusum,,,,,1
Polygonum norvegicum,,,,,1
Polygonum ochreatum,,,,1,1
Polygonum tripterocarpum,,,,1,1
Populus balsamifera,,,,,1
Populus suaveolens,,,,,1
Populus tremula,,,,,1
Populus tremuloides,,,,,1
Potamogeton alpinus,,,,,1
Potamogeton berchtoldii,,,,,1
Potamogeton compressus,,,,,1
Potamogeton friesii,,,,,1
Potamogeton gramineus,,,,,1
Potamogeton natans,,,,,1
Potamogeton perfoliatus,,,,,1
Potamogeton praelongus,,,,,1
Potamogeton richardsonii,,,,,1
Potamogeton robbinsii,,,,,1
Potamogeton sibiricus,,,,,1
Potentilla anachoretica,,,1,1,1
Potentilla anadyrensis,,,,,1
Potentilla anjuica,,,,1,1
Potentilla anserina,,,,1,1
Potentilla arenosa,,1,1,1,1
Potentilla beringensis,,,,1,
Potentilla biflora,,,,1,1
Potentilla bipinnatifida,,,,,1
Potentilla borealis,,,,1,1
Potentilla crantzii,,,1,1,1
Potentilla czegitunica,,,,,1
Potentilla diversifolia,,,,1,1
Potentilla elegans,,,1,1,1
Potentilla erecta,,,,,1
Potentilla evestita,,,,1,1
Potentilla fragiformis,,,,1,1
Potentilla gorodkovii,,,1,1,1
Potentilla hyparctica,1,1,1,1,1
Potentilla multifida,,,,,1
Potentilla nivea,,1,1,1,1
Potentilla norvegica,,,,,1
Potentilla nubilans,,1,1,,
Potentilla pedersenii,,1,1,1,1
Potentilla pensylvanica,,,,,1
Potentilla petrovskyi,,,,,1
Potentilla psychrophila,,,,1,1
Potentilla pulchella,1,1,1,1,1
Potentilla pulviniformis,,,1,1,1
Potentilla rubella,,,1,1,1
Potentilla rubricaulis,,,,,1
Potentilla sommerfeltii,,,1,1,1
Potentilla stipularis,,,1,1,1
Potentilla subgorodkovii,,,1,1,1
Potentilla subvahliana,,1,1,1,1
Potentilla tanacetifolia,,,,,1
Potentilla tikhomirovii,,,1,1,1
Potentilla tschukotica,,,1,1,1
Potentilla uniflora,,,1,1,1
Potentilla uschakovii,,,1,1,1
Potentilla vahliana,,1,1,1,
Potentilla villosa,,,,,1
Potentilla villosula,,,,1,1
Potentilla vulcanicola,,,1,1,1
Potentilla wrangelii,,,1,1,
Potentilla X dezhnevii,,,,,1
Potentilla X drymeja,,,,1,1
Potentilla X insularis,,,1,1,
Potentilla X protea,,1,1,1,
Potentilla X safronoviae,,1,1,1,
Primula anvilensis,,,,1,1
Primula borealis,,,,1,1
Primula cuneifolia,,,,1,1
Primula egaliksensis,,,,1,1
Primula laurentiana,,,,,1
Primula matthioli,,,,,1
Primula mistassinica,,,,,1
Primula nutans,,,,1,1
Primula stricta,,,1,1,1
Primula tschuktschorum,,,,1,1
Prunella vulgaris,,,,,1
Prunus padus,,,,,1
Pseudorchis albida,,,,1,1
Pseudoroegneria spicata,,,,,1
Puccinellia andersonii,1,1,1,1,1
Puccinellia angustata,1,1,1,1,1
Puccinellia arctica,,1,1,1,1
Puccinellia banksiensis,,,,1,
Puccinellia borealis,,,,1,1
Puccinellia bruggemannii,1,1,1,1,1
Puccinellia byrrangensis,,,,1,1
Puccinellia distans,,,1,1,1
Puccinellia gorodkovii,,1,1,,
Puccinellia groenlandica,,,,1,1
Puccinellia hauptiana,,,,1,1
Puccinellia jenisseiensis,,,,,1
Puccinellia lenensis,,,,1,1
Puccinellia maritima,,,,,1
Puccinellia nutkaensis,,,,,1
Puccinellia nuttalliana,,,1,1,1
Puccinellia phryganodes,,1,1,1,1
Puccinellia porsildii,,,,1,1
Puccinellia pumila,,,,,1
Puccinellia sibirica,,,,1,1
Puccinellia tenella,,1,1,1,1
Puccinellia vaginata,,1,1,1,1
Puccinellia vahliana,1,1,1,1,1
Puccinellia wrightii,,,1,1,1
Puccinellia X beringensis,,,,,1
Pucciphippsia czukczorum,,,,1,1
Pucciphippsia vacillans,1,1,1,,
Pulsatilla dahurica,,,,,1
Pyrola asarifolia,,,,,1
Pyrola chlorantha,,,,,1
Pyrola grandiflora,,,1,1,1
Pyrola minor,,,1,1,1
Pyrola norvegica,,,,,1
Ranunculus acris,,1,1,1,1
Ranunculus allenii,,,,1,1
Ranunculus aquatilis,,1,1,1,1
Ranunculus arcticus,,1,1,1,1
Ranunculus arctophilus,,,,,1
Ranunculus auricomus,,,1,1,1
Ranunculus boecheri,,,1,1,
Ranunculus calvescens,,,,,1
Ranunculus eschscholtzii,,,,,1
Ranunculus glabratus,,,1,1,1
Ranunculus gmelinii,,1,1,1,1
Ranunculus grayi,,,1,1,1
Ranunculus hartzii,,,1,1,
Ranunculus hyperboreus,1,1,1,1,1
Ranunculus islandicus,,,,,1
Ranunculus jacuticus,,,,1,1
Ranunculus kamchaticus,,1,1,1,1
Ranunculus kevoensis,,,,,1
Ranunculus laestadii,,,,,1
Ranunculus monophyllus,,,1,1,1
Ranunculus nivalis,1,1,1,1,1
Ranunculus nothus,,,,,1
Ranunculus pacificus,,,,,1
Ranunculus peltatus,,,,,1
Ranunculus petroczenkoi,,,1,1,1
Ranunculus pohleanus,,,,,1
Ranunculus ponojensis,,,1,1,1
Ranunculus punctatus,,,,,1
Ranunculus pygmaeus,1,1,1,1,1
Ranunculus repens,,,,,1
Ranunculus reptans,,,,1,1
Ranunculus resvoll-holmseniae,,,,,1
Ranunculus rigescens,,,,,1
Ranunculus sabinei,1,1,1,1,1
Ranunculus sceleratus,,,,,1
Ranunculus subborealis,,1,1,1,1
Ranunculus subcorymbosus,,,,,1
Ranunculus sulphureus,1,1,1,1,1
Ranunculus trichophyllus,,1,1,1,1
Ranunculus turneri,,,,1,1
Ranunculus varangerensis,,,,,1
Ranunculus vorkutensis,,,,,1
Ranunculus wilanderi,,,1,,
Rheum compactum,,,,,1
Rhinanthus minor,,,,1,1
Rhodiola integrifolia,,,,1,1
Rhododendron adamsii,,,,,1
Rhododendron aureum,,,,,1
Rhododendron camtschaticum,,,,,1
Rhododendron lapponicum,,,1,1,1
Ribes glandulosum,,,,,1
Ribes hudsonianum,,,,,1
Ribes lacustre,,,,,1
Ribes nigrum,,,,,1
Ribes oxyacanthoides,,,,,1
Ribes spicatum,,,,,1
Ribes triste,,,,1,1
Rorippa amphibia,,,,,1
Rorippa barbareifolia,,,,,1
Rorippa calycina,,,,,1
Rorippa islandica,,,,1,1
Rorippa palustris,,,,,1
Rosa acicularis,,,,1,1
Rosa majalis,,,,,1
Rubus arcticus,,,,1,1
Rubus chamaemorus,,,1,1,1
Rubus humulifolius,,,,,1
Rubus idaeus,,,,,1
Rubus pubescens,,,,,1
Rubus saxatilis,,,,,1
Rumex acetosa,,,,,1
Rumex acetosella,,,1,1,1
Rumex alpestris,,,1,1,1
Rumex aquaticus,,,1,1,1
Rumex beringensis,,,,1,1
Rumex gmelinii,,,,,1
Rumex graminifolius,,,,1,1
Rumex hultenii,,,,,1
Rumex krausei,,,,,1
Rumex longifolius,,,,,1
Rumex maritimus,,,,,1
Rumex oblongifolius,,,,,1
Rumex occidentalis,,,,,1
Rumex pseudonatronatus,,,,,1
Rumex pseudoxyria,,,,1,1
Rumex sibiricus,,,,,1
Rumex subarcticus,,,,,1
Rumex thyrsiflorus,,,,1,1
Ruppia cirrhosa,,,,,1
Ruppia maritima,,,,,1
Sagina caespitosa,,,1,1,1
Sagina nivalis,1,1,1,1,1
Sagina nodosa,,,,1,1
Sagina procumbens,,,1,1,1
Sagina saginoides,,,,1,1
Sagina subulata,,,,,1
Sagina X normaniana,,,,,1
Salicornia rubra,,,,,1
Salix acutifolia,,,,,1
Salix alaxensis,,,,1,1
Salix arbuscula,,,,1,1
Salix arbusculoides,,,,1,1
Salix arbutifolia,,,,,1
Salix arctica,,1,1,1,1
Salix arctophila,,1,1,1,1
Salix argyrocarpa,,,,,1
Salix ballii,,,,,1
Salix barclayi,,,,,1
Salix barrattiana,,,,,1
Salix bebbiana,,,,1,1
Salix berberifolia,,,,,1
Salix boganidensis,,,,1,1
Salix brachycarpa,,,,,1
Salix calcicola,,,1,1,1
Salix candida,,,,,1
Salix caprea,,,,,1
Salix chamissonis,,,,1,1
Salix cordata,,,,,1
Salix fimbriata,,,,1,1
Salix fuscescens,,,,1,1
Salix glauca,,,1,1,1
Salix gmelinii,,,,1,1
Salix hastata,,,,1,1
Salix herbacea,,1,1,1,1
Salix interior,,,,,1
Salix jenisseensis,,,,1,1
Salix krylovii,,,,1,1
Salix lanata,,,1,1,1
Salix lapponum,,,,1,1
Salix myrsinifolia,,,,,1
Salix myrsinites,,,1,1,1
Salix myrtillifolia,,,,,1
Salix myrtilloides,,,,1,1
Salix niphoclada,,,,1,1
Salix nummularia,,,1,1,1
Salix ovalifolia,,,1,1,1
Salix pedicellaris,,,,,1
Salix pellita,,,,,1
Salix phlebophylla,,,1,1,1
Salix phylicifolia,,,,1,1
Salix planifolia,,,,1,1
Salix polaris,1,1,1,1,1
Salix pseudomonticola,,,,,1
Salix pseudomyrsinites,,,,,1
Salix pulchra,,,,1,1
Salix pyrolifolia,,,,,1
Salix recurvigemmis,,,,1,1
Salix reptans,1,1,1,1,1
Salix reticulata,,,1,1,1
Salix rhamnifolia,,,,,1
Salix rosmarinifolia,,,,,1
Salix rotundifolia,,,1,1,1
Salix saxatilis,,,,1,1
Salix schwerinii,,,,,1
Salix sphenophylla,,,,,1
Salix triandra,,,,,1
Salix tschuktschorum,,,1,1,1
Salix tyrrellii,,,,,1
Salix udensis,,,,,1
Salix uva-ursi,,,,,1
Salix vestita,,,,,1
Salix viminalis,,,,1,1
Salix X nothula,,1,1,1,1
Sambucus pubens,,,,,1
Sanguisorba canadensis,,,,,1
Sanguisorba officinalis,,,,1,1
Saussurea alpina,,,1,1,1
Saussurea angustifolia,,,1,1,1
Saussurea nuda,,,,1,1
Saussurea oxyodonta,,,,,1
Saussurea parviflora,,,,,1
Saussurea schanginiana,,,,,1
Saussurea tilesii,,1,1,1,1
Saxifraga aizoides,,1,1,1,1
Saxifraga anadyrensis,,,,,1
Saxifraga balandinii,,,,1,1
Saxifraga bracteata,,,,1,1
Saxifraga bronchialis,,,1,1,1
Saxifraga caulescens,,,,,1
Saxifraga cernua,1,1,1,1,1
Saxifraga cespitosa,1,1,1,1,1
Saxifraga cherlerioides,,,,,1
Saxifraga eschscholtzii,,,,1,1
Saxifraga flagellaris,1,1,1,1,1
Saxifraga foliolosa,1,1,1,1,1
Saxifraga funstonii,,,1,1,1
Saxifraga hieraciifolia,,1,1,1,1
Saxifraga hirculus,1,1,1,1,1
Saxifraga hyperborea,1,1,1,1,1
Saxifraga hypnoides,,,,,1
Saxifraga nathorstii,,,1,,
Saxifraga nelsoniana,,1,1,1,1
Saxifraga nivalis,1,1,1,1,1
Saxifraga omolojensis,,,,,1
Saxifraga oppositifolia,1,1,1,1,1
Saxifraga paniculata,,,1,1,1
Saxifraga razshivinii,,,,,1
Saxifraga rivularis,1,1,1,1,1
Saxifraga rosacea,,,,,1
Saxifraga rufopilosa,,,,1,1
Saxifraga serpyllifola,1,1,1,1,1
Saxifraga setigera,,,1,1,1
Saxifraga sibirica,,,,1,1
Saxifraga stellaris,,,,1,1
Saxifraga stellerana,,,1,1,1
Saxifraga svalbardensis,1,1,1,,
Saxifraga tenuis,1,1,1,1,1
Saxifraga tricuspidata,1,1,1,1,1
Schizachne purpurascens,,,,,1
Scirpus maximowiczii,,,,,1
Scorzoneroides autumnalis,,,,,1
Scutellaria X nicholsonii,,,,,1
Sedum acre,,,,1,1
Sedum annuum,,,,1,1
Sedum kamtschaticum,,,,,1
Sedum quadrifidum,,,,,1
Sedum roseum,,,1,1,1
Sedum telephium,,,,,1
Sedum villosum,,,1,1,1
Senecio lenensis,,,,,1
Senecio lugens,,,1,1,1
Senecio nemorensis,,,,,1
Senecio pseudoarnica,,,,1,1
Senecio subfrigidus,,,,1,1
Seseli condensatum,,,,,1
Shepherdia canadensis,,,,1,1
Sibbaldia procumbens,,,1,1,1
Sibbaldia tridentata,,,,1,1
Silene acaulis,1,1,1,1,1
Silene chamarensis,,,,1,1
Silene dioica,,,,,1
Silene involucrata,1,1,1,1,1
Silene repens,,,,1,1
Silene samojedorum,,,,,1
Silene stenophylla,,,,1,1
Silene suecica,,,1,1,1
Silene taimyrensis,1,1,1,1,1
Silene tatarica,,,,,1
Silene uniflora,,,,,1
Silene uralensis,1,1,1,1,1
Silene villosula,,,,1,1
Silene violascens,,,,,1
Sisyrinchium groenlandicum,,,,,1
Sisyrinchium montanum,,,,,1
Sisyrinchium mucronatum,,,,,1
Sium suave,,,,,1
Smelowskia alba,,,,,1
Smelowskia borealis,,,,1,1
Smelowskia czukotica,,,,,1
Smelowskia jacutica,,,,1,1
Smelowskia johnsonii,,,,,1
Smelowskia media,,,,,1
Smelowskia parryoides,,,,1,1
Smelowskia porsildii,,,,1,1
Solidago macrophylla,,,,,1
Solidago multiradiata,,,,1,1
Solidago simplex,,,,,1
Solidago uliginosa,,,,,1
Solidago virgaurea,,,,1,1
Sonchus arvensis,,,,,1
Sorbus aucuparia,,,,,1
Sorbus groenlandica,,,,,1
Sorbus scopulina,,,,,1
Sparganium angustifolium,,,,,1
Sparganium emersum,,,,,1
Sparganium gramineum,,,,,1
Sparganium hyperboreum,,,,1,1
Sparganium natans,,,,,1
Spergularia canadensis,,,,,1
Spergularia marina,,,,,1
Spiraea dahurica,,,,,1
Spiraea media,,,,,1
Spiraea salicifolia,,,,,1
Spiraea stevenii,,,,,1
Spiranthes romanzoffiana,,,,,1
Stellaria alaskana,,,,,1
Stellaria borealis,,,,1,1
Stellaria bungeana,,,,1,1
Stellaria calycantha,,,,1,1
Stellaria crassifolia,,,1,1,1
Stellaria crassipes,1,1,1,1,1
Stellaria dicranoides,,,,1,1
Stellaria eschscholtziana,,,,,1
Stellaria fennica,,,,,1
Stellaria fischerana,,,,,1
Stellaria graminea,,,,,1
Stellaria hebecalyx,,,,1,1
Stellaria humifusa,,1,1,1,1
Stellaria jacutica,,,,,1
Stellaria longifolia,,,,,1
Stellaria longipes,1,1,1,1,1
Stellaria nemorum,,,,,1
Stellaria palustris,,,,1,1
Stellaria umbellata,,,,,1
Streptopus amplexifolius,,,,,1
Streptopus lanceolatus,,,,,1
Stuckenia filiformis,,,,,1
Stuckenia pectinata,,,,,1
Stuckenia vaginata,,,,,1
Stuckenia X bottnica,,,,,1
Suaeda calceoliformis,,,,,1
Suaeda maritima,,,,,1
Subularia aquatica,,,,1,1
Swertia perennis,,,,,1
Symphyotrichum boreale,,,,,1
Symphyotrichum ciliolatum,,,,,1
Symphyotrichum puniceum,,,,,1
Symphyotrichum pygmaeum,,,,1,1
Symphyotrichum yukonense,,,,,1
Tanacetum bipinnatum,,,,1,1
Tanacetum vulgare,,,,1,1
Taraxacum acricorne,,,,,1
Taraxacum acromaurum,,,1,,1
Taraxacum alaskanum,,,1,1,1
Taraxacum albescens,,,1,1,1
Taraxacum amphiphron,,,,1,
Taraxacum anadyrense,,,,,1
Taraxacum anadyricum,,,,1,
Taraxacum andersonii,,,,1,1
Taraxacum angulatum,,,,,1
Taraxacum arcticum,,1,1,1,1
Taraxacum arctogenum,,1,1,,
Taraxacum atroglaucum,,,,,1
Taraxacum aureum,,,,,1
Taraxacum bicorne,,,,,1
Taraxacum boreum,,,,,1
Taraxacum brachyceras,,,1,1,1
Taraxacum brachyrhynchum,,,1,,
Taraxacum brevicorne,,1,,,
Taraxacum byrrangicum,,,1,,
Taraxacum callorhinorum,,,,1,1
Taraxacum campylodes,,,,1,
Taraxacum ceratolobum,,,,1,1
Taraxacum ceratophorum,,1,1,1,1
Taraxacum ciconium,,,,,1
Taraxacum crassipes,,,,,1
Taraxacum crispifrons,,,,,1
Taraxacum croceum,,,1,1,1
Taraxacum curvidens,,,,,1
Taraxacum cyclocentrum,,,,,1
Taraxacum cymbifolium,,,1,,1
Taraxacum czaunense,,,,1,1
Taraxacum czukoticum,,,,,1
Taraxacum davidssonii,,,,1,1
Taraxacum demissum,,,,,1
Taraxacum devians,,,,,1
Taraxacum dilutisquameum,,,,,1
Taraxacum dolichocentrum,,,,,1
Taraxacum eurylepium,,,,1,1
Taraxacum fabbeanum,,,,,1
Taraxacum faeroense,,,,,1
Taraxacum falcatum,,,,,1
Taraxacum festivum,,,1,,
Taraxacum firmum,,,,,1
Taraxacum furvum,,,,,1
Taraxacum glabrum,,1,1,1,1
Taraxacum gorodkovii,,,,,1
Taraxacum hamidens,,,,,1
Taraxacum hastile,,,,,1
Taraxacum hirtellum,,,,,1
Taraxacum hjeltii,,,,,1
Taraxacum holmenianum,,1,1,1,1
Taraxacum hyparcticum,,1,1,1,1
Taraxacum hyperboreum,,,1,1,1
Taraxacum integratum,,,,1,1
Taraxacum islandiciforme,,,,,1
Taraxacum islandicum,,,1,1,1
Taraxacum isolobum,,,,,1
Taraxacum jacuticum,,,,,1
Taraxacum jurtzevii,,,,1,1
Taraxacum korjakorum,,,,1,1
Taraxacum kuusamoense,,,,,1
Taraxacum lacerum,,1,1,1,1
Taraxacum lateritium,,,1,1,1
Taraxacum latispinulosum,,,,,1
Taraxacum lenense,,,,1,1
Taraxacum leucocarpum,,,,1,
Taraxacum longicorne,,,,1,1
Taraxacum lyngeanum,,,1,1,1
Taraxacum macilentum,,1,1,1,1
Taraxacum mackenziense,,,,,1
Taraxacum macroceras,,1,1,1,1
Taraxacum macromerum,,,,,1
Taraxacum malteanum,,,,,1
Taraxacum maurolepium,,,,1,1
Taraxacum murmanicum,,,,,1
Taraxacum naevosum,,,,,1
Taraxacum nanaunii,,,,1,
Taraxacum nivale,,1,1,1,1
Taraxacum norvegicum,,,,,1
Taraxacum novae-zemliae,,1,1,,
Taraxacum obovatifrons,,,,,1
Taraxacum opacum,,,,,1
Taraxacum pellianum,,,,,1
Taraxacum penicilliforme,,,,,1
Taraxacum perdeflexum,,,,,1
Taraxacum perfiljevii,,,,1,1
Taraxacum petrovskyi,,,,1,1
Taraxacum phymatocarpum,1,1,1,1,1
Taraxacum planifrons,,,,,1
Taraxacum platylepium,,1,1,,
Taraxacum porsildii,,,1,1,1
Taraxacum praestans,,,,,1
Taraxacum pravicentrum,,,,,1
Taraxacum pravum,,,,,1
Taraxacum pseudoalaskanum,,,1,1,1
Taraxacum pseudonorvegicum,,,,1,1
Taraxacum pseudoplatylepium,,,1,,
Taraxacum purpuridens,,,,,1
Taraxacum repletum,,,,1,1
Taraxacum rhodolepis,,,,,1
Taraxacum rubrolineatum,,,,,1
Taraxacum ruderalia,,,,,1
Taraxacum scabrum,,,,,1
Taraxacum selenodon,,,,,1
Taraxacum semitubulosum,,,1,1,1
Taraxacum sibiricum,,,1,1,1
Taraxacum sigmoideum,,,,,1
Taraxacum simulum,,,,,1
Taraxacum soczavae,,,1,1,1
Taraxacum spectabile,,,1,,1
Taraxacum speirodon,,,,1,1
Taraxacum stepanovae,,,,,1
Taraxacum subcrispum,,,,,1
Taraxacum subhoplites,,,,,1
Taraxacum subspectabile,,,,,1
Taraxacum taimyrense,,,1,1,
Taraxacum tamarae,,,1,1,1
Taraxacum tenebricans,,,,,1
Taraxacum tolmaczevii,,,,1,1
Taraxacum tornense,,,,,1
Taraxacum torvum,,,1,,
Taraxacum triangulare,,,,,1
Taraxacum triste,,,,,1
Taraxacum tschuktschorum,,,,1,1
Taraxacum ulophyllum,,,,,1
Taraxacum umbrinum,,,,1,1
Taraxacum uschakovii,,,1,1,1
Taraxacum varioviolaceum,,,,,1
Taraxacum vestmannicum,,,,,1
Taraxacum wrangelicum,,,1,1,1
Taraxacum zhukovae,,,,1,1
Tephroseris frigida,,,1,1,1
Tephroseris integrifolia,,,1,1,1
Tephroseris jacutica,,,,,1
Tephroseris kjellmanii,,,,1,1
Tephroseris lindstroemii,,,1,1,1
Tephroseris palustris,,,1,1,1
Tephroseris X arctisibirica,,,1,1,1
Tephroseris yukonensis,,,,1,1
Thalictrum alpinum,,,1,1,1
Thalictrum flavum,,,,,1
Thalictrum globiflorum,,,,,1
Thalictrum minus,,,,1,1
Thalictrum simplex,,,,,1
Thalictrum sparsiflorum,,,,,1
Thlaspi kamtschaticum,,,,,1
Thymus extremus,,,,1,1
Thymus mongolicus,,,,,1
Thymus praecox,,,,1,1
Thymus reverdattoanus,,,,,1
Thymus serpyllum,,,,,1
Thymus sibiricus,,,,,1
Thymus talijevii,,,,,1
Thymus zygis,,,,1,1
Tofieldia coccinea,,,1,1,1
Tofieldia pusilla,,,1,1,1
Triantha glutinosa,,,,,1
Trichophorum alpinum,,,,,1
Trichophorum cespitosum,,,,1,1
Trichophorum uniflorum,,,,,1
Trientalis borealis,,,,,1
Trientalis europaea,,,,1,1
Trifolium lupinaster,,,,1,1
Triglochin maritima,,,,,1
Triglochin palustris,,,,,1
Tripleurospermum maritimum,,,1,1,1
Tripleurospermum subpolare,,,,,1
Tripolium pannonicum,,,,,1
Trisetokoeleria gorodkovii,,,,1,1
Trisetokoeleria jurtzevii,,,1,1,1
Trisetokoeleria taimyrica,,,1,1,1
Trisetum agrostideum,,,,,1
Trisetum sibiricum,,,,1,1
Trisetum spicatum,1,1,1,1,1
Trollius apertus,,,,1,1
Trollius asiaticus,,,1,1,1
Trollius chartosepalus,,,,1,1
Trollius europaeus,,,,1,1
Trollius membranostylis,,,,1,1
Trollius sibiricus,,,,1,1
Tussilago farfara,,,,1,1
Urtica dioica,,,,,1
Urtica sondenii,,,,,1
Utricularia intermedia,,,,1,1
Utricularia minor,,,,1,1
Utricularia vulgaris,,,,,1
Utricularia X ochroleuca,,,,1,1
Vaccinium caespitosum,,,,,1
Vaccinium microcarpum,,,,1,1
Vaccinium myrtilloides,,,,,1
Vaccinium myrtillus,,,,1,1
Vaccinium ovalifolium,,,,,1
Vaccinium oxycoccos,,,,1,1
Vaccinium uliginosum,,,1,1,1
Vaccinium vitis-idaea,,,1,1,1
Valeriana capitata,,,1,1,1
Valeriana sambucifolia,,,,,1
Valeriana septentrionalis,,,,,1
Valeriana transjenisensis,,,,,1
Valeriana wolgensis,,,,1,1
Veratrum album,,,,1,1
Veratrum oxysepalum,,,,,1
Veronica alpina,,,1,1,1
Veronica fruticans,,,1,1,1
Veronica longifolia,,,,1,1
Veronica officinalis,,,,,1
Veronica scutellata,,,,,1
Veronica serpyllifolia,,,,,1
Veronica spicata,,,,,1
Veronica wormskjoldii,,,,1,1
Viburnum edule,,,,,1
Vicia americana,,,,,1
Vicia cracca,,,,,1
Vicia macrantha,,,,,1
Vicia sepium,,,,,1
Viola adunca,,,,,1
Viola biflora,,,,1,1
Viola canina,,,,,1
Viola conspersa,,,,,1
Viola epipsila,,,,,1
Viola langsdorffii,,,,,1
Viola macloskeyi,,,,,1
Viola palustris,,,,1,1
Viola renifolia,,,,,1
Viola riviniana,,,,,1
Viola rupestris,,,,,1
Viola selkirkii,,,,,1
Wilhelmsia physodes,,,,1,1
Zannichellia palustris,,,,,1
Zostera angustifolia,,,,,1
Zostera marina,,,,,1
